,Messstelle,LQI<sub>BW</sub>,NO<sub>2</sub> [µg/m<sup>3</sup>],O<sub>3</sub> [µg/m<sup>3</sup>],PM<sub>10</sub> [µg/m<sup>3</sup>],"PM<sub>2,5</sub> [µg/m<sup>3</sup>]",Kategorie,Reg.-Bez.,extra_0,extra_1,extra_2,extra_3
0,Aalen,3,3,3,10,112.0,19.0,19,6.0,6,städt. Hgr.,S
1,Baden-Baden,4,4,4,5,129.0,14.0,14,7.0,7,städt. Hgr.,KA
2,Bernhausen,4,4,3,6,123.0,16.0,16,7.0,7,städt. Hgr.,S
3,Biberach,3,3,3,8,98.0,15.0,15,8.0,8,städt. Hgr.,TÜ
4,Eggenstein,3,3,4,12,119.0,19.0,19,9.0,9,städt. Hgr.,KA
5,Freiburg,4,4,4,6,123.0,22.0,22,9.0,9,städt. Hgr.,FR
6,Freiburg Schwarzwaldstraße,2,3,3,27,,18.0,18,9.0,9,Verkehr,FR
7,Friedrichshafen,2,2,3,21,69.0,14.0,14,9.0,9,städt. Hgr.,TÜ
8,Gärtringen,4,4,3,6,141.0,14.0,14,6.0,6,städt. Hgr.,S
9,Heidelberg,3,3,4,12,117.0,14.0,14,6.0,7,städt. Hgr.,KA
10,Heilbronn,3,3,3,13,104.0,15.0,15,6.0,7,städt. Hgr.,S
11,Heilbronn Weinsberger Straße-Ost,2,3,3,29,,,,,,Verkehr,S
12,Karlsruhe Reinhold-Frank-Straße,2,3,4,32,,24.0,24,12.0,12,Verkehr,KA
13,Karlsruhe-Nordwest,3,3,4,22,113.0,22.0,22,12.0,12,städt. Hgr.,KA
14,Kehl,3,3,4,24,104.0,,21,,8,städt. Hgr.,FR
15,Konstanz,3,3,3,9,95.0,16.0,16,9.0,9,städt. Hgr.,
16,Ludwigsburg,4,4,3,8,122.0,14.0,14,6.0,7,städt. Hgr.,S
17,Ludwigsburg Schlossstraße,2,3,3,38,,24.0,24,8.0,8,Spot (kontinuierlich),S
18,Mannheim Friedrichsring,3,3,4,44,,28.0,28,12.0,12,Verkehr,KA
19,Mannheim-Nord,3,3,4,36,100.0,21.0,21,10.0,10,städt. Hgr.,KA
20,Neuenburg,3,3,4,10,117.0,18.0,18,9.0,9,städt. Hgr.,FR
21,Pforzheim,3,3,4,21,108.0,17.0,17,9.0,9,städt. Hgr.,KA
22,Pforzheim Luisenstraße,3,3,3,68,,23.0,23,12.0,12,Spot (kontinuierlich),KA
23,Reutlingen,3,3,3,14,118.0,13.0,13,6.0,7,städt. Hgr.,TÜ
24,Reutlingen Lederstraße-Ost,2,3,3,37,,15.0,15,7.0,7,Verkehr,TÜ
25,Schramberg Oberndorfer Straße,2,3,3,25,,,,,,Verkehr,FR
26,Schwarzwald-Süd,3,4,4,3,114.0,11.0,11,6.0,6,ländl. Hgr.,FR
27,Schwäbisch Hall,3,3,3,12,106.0,12.0,12,6.0,6,städt. Hgr.,S
28,Schwäbische Alb,4,4,3,2,122.0,9.0,9,5.0,5,ländl. Hgr.,TÜ
29,Stuttgart Hauptstätter Straße,3,3,3,43,,17.0,17,8.0,8,Spot (kontinuierlich),S
30,Stuttgart Hohenheimer Straße,2,3,3,33,,,,,,Spot (kontinuierlich),S
31,Stuttgart-Bad Cannstatt,4,4,3,14,124.0,18.0,18,7.0,7,städt. Hgr.,S
32,Tauberbischofsheim,3,3,3,6,93.0,10.0,10,4.0,5,städt. Hgr.,S
33,Tübingen Mühlstraße,2,3,3,27,,23.0,23,10.0,10,Spot (kontinuierlich),TÜ
34,Ulm,2,3,3,18,74.0,22.0,22,9.0,9,städt. Hgr.,TÜ
35,Villingen-Schwenningen,3,3,4,4,117.0,17.0,17,9.0,9,städt. Hgr.,FR
36,Weil am Rhein,4,4,4,8,121.0,12.0,12,6.0,6,städt. Hgr.,FR
37,Wiesloch,4,4,4,7,123.0,12.0,12,5.0,5,städt. Hgr.,KA
